name,node_type,got_type,status,url
Qyburn,Person,,Alive,Qyburn
Luwin,Person,,Deceased,Luwin
Wolkan,Person,,Alive,Wolkan
Bear Island maester,Person,,Alive,Bear_Island_maester
Cressen,Person,,Deceased,Cressen
Margaery Tyrell,Person,,Deceased,Margaery_Tyrell
Volarik,Person,,Uncertain,Volarik
Vaull,Person,,Deceased,Vaull
Captured wight,Person,,Deceased,Captured_wight
Tyene Sand,Person,,Deceased,Tyene_Sand
Citadel maester,Person,,Alive,Citadel_maester_(The_Winds_of_Winter)
Brandon Stark,Person,,Deceased,Brandon_Stark_(son_of_Rickard)
Elaena Glenmore,Person,,Uncertain,Elaena_Glenmore
Gryff Whitehill,Person,,Determinant,Gryff_Whitehill
Ryon Forrester,Person,,Alive,Ryon_Forrester
Biter,Person,,Deceased,Biter
Rorge,Person,,Deceased,Rorge
Ludd Whitehill,Person,,Determinant,Ludd_Whitehill
Polliver,Person,,Deceased,Polliver
Willem Lannister,Person,,Deceased,Willem_Lannister
Martyn Lannister,Person,,Deceased,Martyn_Lannister
Alton Lannister,Person,,Deceased,Alton_Lannister
Stafford Lannister,Person,,Deceased,Stafford_Lannister
Joanna Lannister,Person,,Deceased,Joanna_Lannister
Marillion,Person,,Alive,Marillion
Gared's sister,Person,,Deceased,Gared%27s_sister
Gared's father,Person,,Deceased,Gared%27s_father
Thermund,Person,,Deceased,Thermund
Norren,Person,,Unknown,Norren
Lady Crane,Person,,Deceased,Lady_Crane
Mord,Person,,Alive,Mord
Lothor Brune,Person,,Alive,Lothor_Brune
Willem Frey,Person,,Deceased,Willem_Frey
Robett Glover,Person,,Alive,Robett_Glover
Harrion Karstark,Person,,Deceased,Harrion_Karstark
Son of Robert Baratheon and Cersei Lannister,Person,,Deceased,Baratheon_(son_of_Robert)
Tysha,Person,,Uncertain,Tysha
The Tickler,Person,,Deceased,The_Tickler
Weasel,Person,,Alive,Weasel
Innkeeper's daughter,Person,,Alive,Innkeeper%27s_daughter
Lord of Bones,Person,,Deceased,Lord_of_Bones
Baelish,Person,,Deceased,Baelish_(founder)
Baelish,Person,,Deceased,Baelish_(hedge_knight)
Ros,Person,,Deceased,Ros
Dontos Hollard,Person,,Deceased,Dontos_Hollard
Tourney Herald,Person,,Alive,Tourney_Herald
Elbert Arryn,Person,,,Elbert_Arryn
Hugh,Person,,Deceased,Hugh
Baelish,Person,,Deceased,Lord_Baelish_(father_of_Petyr)
Ryger Rivers,Person,,Deceased,Ryger_Rivers
Talbot,Person,,Deceased,Talbot
Waldron Frey,Person,,Uncertain,Waldron_Frey
Malcolm,Person,,Deceased,Malcolm
Joyeuse Frey,Person,,Deceased,Joyeuse_Frey
Son of Edmure and Roslin Tully,Person,,Alive,Tully_(son_of_Edmure)
Kitty Frey,Person,,Alive,Kitty_Frey
Frey soldier,Person,,Deceased,Frey_soldier_1
Lannister messenger,Person,,Alive,Lannister_messenger
Lannister scout,Person,,Alive,Lannister_scout
Lannister spearman,Person,,Deceased,Lannister_spearman
Lannister soldier,Person,,Alive,Lannister_soldier_3_(Dragonstone)
Lannister soldier,Person,,Alive,Lannister_soldier_1_(Dragonstone)
Lannister soldier,Person,,Alive,Lannister_soldier_(No_One)
Lannister captain,Person,,Alive,Lannister_captain_(Home)
Melara Hethersoon,Person,,Uncertain,Melara_Hetherspoon
Tion Tarbeck,Person,,Deceased,Tion_Tarbeck
Ellyn Reyne,Person,,Deceased,Ellyn_Reyne
Walderan Tarbeck,Person,,Deceased,Walderan_Tarbeck
Knight of House Frey,Person,,Deceased,Knight_of_House_Frey
Lannister guard,Person,,Alive,Lannister_guard_2
Lannister soldier,Person,,Alive,Lannister_soldier_2_(The_Dragon_and_the_Wolf)
Musician,Person,,Alive,Musician_3_(The_Lion_and_the_Rose)
Musician,Person,,Alive,Musician_2_(The_Lion_and_the_Rose)
Alys Harroway,Person,,Deceased,Alys_Harroway
Musician,Person,,Alive,Musician_1_(The_Lion_and_the_Rose)
Qhored Hoare,Person,,Deceased,Qhored_Hoare
The Grey King,Person,,Deceased,Grey_King
Raymun Darry,Person,,Deceased,Raymun_Darry
Danelle Lothston,Person,,Deceased,Danelle_Lothston
Tion Lannister,Person,,Deceased,Tion_Lannister
Tywald Lannister,Person,,Deceased,Tywald_Lannister
Reynard Reyne,Person,,Deceased,Reynard_Reyne
Roger Reyne,Person,,Deceased,Roger_Reyne
Jeyne Lannister,Person,,Deceased,Jeyne_Lannister
Gerold Lannister,Person,,Deceased,Gerold_Lannister
Bernarr II Justman,Person,,Deceased,Bernarr_II_Justman
Maekar I Targaryen,Person,,Deceased,Maekar_Targaryen
Daemon II Blackfyre,Person,,Deceased,Daemon_II_Blackfyre
The Rat Cook,Person,,Deceased,Rat_Cook
The Night's Queen,Person,,Deceased,Night%27s_Queen
Hugor of the Hill,Person,,Deceased,Hugor_of_the_Hill
Winged Knight,Person,,Deceased,Winged_Knight
Herndon,Person,,Deceased,Herndon_of_the_Horn
Jaremy Mallister,Person,,Deceased,Jaremy_Mallister
Adrack Humble,Person,,Deceased,Adrack_Humble
Qhorwyn Hoare,Person,,Deceased,Qhorwyn_Hoare
Artys I Arryn,Person,,Deceased,Artys_I_Arryn
Baelor I Targaryen,Person,,Deceased,Baelor_Targaryen
Daeron Targaryen,Person,,Deceased,Daeron_Targaryen_(son_of_Aegon_V)
Shiera Seastar,Person,,Deceased,Shiera_Seastar
Naerys Targaryen,Person,,Deceased,Naerys_Targaryen
Rhaego,Person,,Deceased,Rhaego
Jhiqui,Person,,Uncertain,Jhiqui
Elaena Targaryen,Person,,Deceased,Elaena_Targaryen
Loboda,Person,,Deceased,Loboda
Karsi,Person,,Deceased  (reanimated as a wight ),Karsi
Rhaena Targaryen,Person,,Deceased,Rhaena_Targaryen_(daughter_of_Aegon_III)
Malleon,Person,,Deceased,Malleon
Denner,Person,,Uncertain,Denner
Jeffory Mallister,Person,,,Jeffory_Mallister
Jason Mallister,Person,,Alive,Jason_Mallister
Maelor Targaryen,Person,,Deceased,Maelor_Targaryen
Jaehaerys Targaryen,Person,,Deceased,Jaehaerys_Targaryen_(son_of_Aegon_II)
Wun Weg Wun Dar Wun,Person,,Deceased,Wun_Weg_Wun_Dar_Wun
Willa,Person,,Alive,Willa
Johnna,Person,,Alive,Johnna
White Walker,Person,,Deceased,White_Walker_(Hardhome)
Styr,Person,,Deceased,Styr
Miller's wife,Person,,Deceased,Unnamed_miller%27s_wife
Captain's daughter,Person,,Alive,Captain%27s_daughter
Qotho,Person,,Deceased,Qotho
Jon Umber,Person,,Deceased,Smalljon_Umber
Dongo,Person,,Deceased,Dongo
Orell,Person,,Deceased,Orell
Thenn warg,Person,,Deceased,Thenn_warg
Malko,Person,,Alive,Malko
Mago,Person,,Deceased,Mago
Haggo,Person,,Deceased,Haggo
Cohollo,Person,,Uncertain,Cohollo
Borros Baratheon,Person,,Deceased,Borros_Baratheon
Valyrian sword smith,Person,,Alive,Valyrian_sword_smith
Tommy,Person,,Uncertain,Tommy
Sylvi,Person,,Alive,Sylvi
Cedric Umber,Person,,,Cedric_Umber
Maynard Umber,Person,,Deceased,Maynard_Umber
Morgana Umber,Person,,Deceased,Morgana_Umber
Emilia Umber,Person,,Deceased,Emilia_Umber
Finn Umber,Person,,Deceased,Finn_Umber
Kear Umber,Person,,Deceased,Kear_Umber
Brandon Umber,Person,,Deceased,Brandon_Umber
Leaf,Person,,Deceased,Leaf
Three-Eyed Raven,Person,,Deceased,Three-Eyed_Raven
Jhaqo,Person,,Uncertain after Daenarys Targaryen burned all the great khals known,Jhaqo
Otto Hightower,Person,,Deceased,Otto_Hightower
Ormund Baratheon,Person,,Deceased,Ormund_Baratheon
Lyonel Baratheon,Person,,Deceased,Lyonel_Baratheon
Tobho Mott,Person,,Alive,Tobho_Mott
Axel Baratheon,Person,,Deceased,Axel_Baratheon
Katrina Umber,Person,,Deceased,Katrina_Umber
Hollys Umber,Person,,Deceased,Hollys_Umber
Old Man,Person,,Deceased,Old_man
Mychal Baratheon,Person,,Deceased,Mychal_Baratheon
Moro,Person,,Deceased,Moro
Pono,Person,,Uncertain after Daenerys Targaryen burned all of the known great Khals,Pono
Jenny of Oldstones,Person,,Deceased,Jenny_of_Oldstones
Lyman Beesbury,Person,,Deceased,Lyman_Beesbury
Sissy,Person,,Alive,Sissy
Monica Baratheon,Person,,Deceased,Monica_Baratheon
Argella Baratheon,Person,,Deceased,Argella_Baratheon
Petra Tallhart,Person,,Deceased,Petra_Tallhart
Tyrek Tallhart,Person,,Deceased,Tyrek_Tallhart
Red Priestess,Person,,Alive,Red_Priestess_(High_Sparrow)
Medger Cerwyn,Person,,Deceased,Medger_Cerwyn
Cleos Umber,Person,,Deceased,Cleos_Umber
Vivian Cerwyn,Person,,Deceased,Vivian_Cerwyn
Johanna Lannister,Person,,Deceased,Johanna_Lannister
Munkun,Person,,Deceased,Munkun
Jasper Wylde,Person,,Deceased,Jasper_Wylde
Orwyle,Person,,Deceased,Orwyle
High Priestess of the Dosh Khaleen,Person,,Alive,High_Priestess_of_the_Dosh_Khaleen
Moro's bloodrider,Person,,Deceased,Moro%27s_bloodrider_2
Aggo,Person,,Deceased,Aggo_(The_Red_Woman)
Cleon,Person,,Uncertain,Cleon
Craster's wife,Person,,Alive,Craster%27s_wife_3_(Oathkeeper)
Craster's wife,Person,,Alive,Craster%27s_wife_2_(Oathkeeper)
High Priest of R'hllor,Person,,Alive,High_Priest_of_R%27hllor
Wylla,Person,,Deceased,Wylla
Jason Lannister,Person,,Deceased,Jason_Lannister
Eustace,Person,,Deceased,Eustace
Dothraki crone,Person,,Alive,Dothraki_crone
Ornela,Person,,Alive,Ornela
Savo,Person,,Deceased,Savo
Byron Swann,Person,,Deceased,Byron_Swann
Beric Dayne,Person,,Deceased,Beric_Dayne
Son of Nymeria and Davos Dayne,Person,,Deceased,Dayne_(son_of_Davos)
Davos Dayne,Person,,Deceased,Davos_Dayne
Vorian Dayne,Person,,Deceased,Vorian_Dayne
Marlin Dormund,Person,,Alive,Marlin_Dormund
Rodrik Flint,Person,,Deceased,Rodrik_Flint
Lord Mazin,Person,,Alive,Mazin_(Lord)
Errold Holt,Person,,Alive,Errold_Holt
Hallis Mollen,Person,,Deceased,Hallis_Mollen
Marya Seaworth,Person,,Alive,Marya_Seaworth
Richard Lonmouth,Person,,,Richard_Lonmouth
Damon Morrigen,Person,,Deceased,Damon_Morrigen
Selwyn Tarth,Person,,Alive,Selwyn_Tarth
Corlys Wells,Person,,Alive,Corlys_Wells
Lady Caulfield,Person,,Alive,Caulfield_(Lady)
Aggo,Person,,Uncertain,Aggo_(The_North_Remembers)
Iggo,Person,,Deceased,Iggo
Craster's younger wife,Person,,Alive,Craster%27s_younger_wife_(Walk_of_Punishment)
The Knight of the Laughing Tree,Person,,Uncertain,Knight_of_the_Laughing_Tree
Craster's wife,Person,,Alive,Craster%27s_wife_(Walk_of_Punishment)
Craster's last son,Person,,Alive,Craster%27s_last_son
Morag,Person,,Uncertain,Morag
White Walker,Person,,Deceased,White_Walker_(The_Door)
Humfrey Beesbury,Person,,Deceased,Humfrey_Beesbury
Archmaester,Person,,Alive,Archmaester_(Eastwatch)
Moro's bloodrider,Person,,Deceased,Moro%27s_bloodrider_1
The Harpy,Person,,Uncertain,The_Harpy
Moro's wife,Person,,Alive,Moro%27s_wife_2
Moro's wife,Person,,Alive,Moro%27s_wife_1
Moro,Person,,Deceased,Moro_(son_of_Mengo)
Raymont Baratheon,Person,,Deceased,Raymont_Baratheon
Ethelide Baratheon,Person,,Deceased,Ethelide_Baratheon
Theresa Baratheon,Person,,Deceased,Theresa_Baratheon
Ulf the White,Person,,Deceased,Ulf_the_White
Hugh Hammer,Person,,Deceased,Hugh_Hammer
Corin Umber,Person,,Deceased,Corin_Umber
Joseth Umber,Person,,Deceased,Joseth_Umber
Gareth Umber,Person,,Deceased,Gareth_Umber
Deziel Dalt,Person,,Alive,Deziel_Dalt
Benedict Blackmont,Person,,Deceased,Benedict_Blackmont
Lord Blackmont,Person,,Alive,Blackmont_(Lord)
Brozho,Person,,Deceased,Brozho
Rhalko,Person,,Deceased,Rhalko
Lucan Umber,Person,,Deceased,Lucan_Umber
Mycah Umber,Person,,Deceased,Mycah_Umber
Craster,Person,,Deceased,Craster
Mazor Alexi,Person,,Deceased,Mazor_Alexi
Forzho,Person,,Deceased,Forzho
Qorro,Person,,Deceased,Qorro
Serwyn Errol,Person,,Deceased,Serwyn_Errol
Nettles,Person,,Deceased,Nettles
Mengo,Person,,Deceased,Mengo
Morag Umber,Person,,Deceased,Morag_Umber
Harkon Umber,Person,,Deceased,Harkon_Umber
Daragh Umber,Person,,Deceased,Daragh_Umber
Amarylis Umber,Person,,Deceased,Amarylis_Umber
Hothor Umber,Person,,Deceased,Hothor_Umber
Ned Umber,Person,,Alive,Ned_Umber
White Walker,Person,,Alive,White_Walker_(Oathkeeper)
White Walker,Person,,Deceased,White_Walker_(Valar_Morghulis)
White Walker,Person,,Alive,White_Walker_(The_Night_Lands)
Haro,Person,,Deceased,Haro
Mycah,Person,,Deceased,Mycah
White Walker,Person,,Alive,White_Walker_(Winter_Is_Coming)
Gendel,Person,,Deceased,Gendel
Oznak zo Pahl,Person,,Deceased,Oznak_zo_Pahl
Prendahl na Ghezn,Person,,Deceased,Prendahl_na_Ghezn
Greizhen mo Ullhor,Person,,Deceased,Greizhen_mo_Ullhor
Jacaerys Velaryon,Person,,Deceased,Jacaerys_Velaryon
Laenor Velaryon,Person,,Deceased,Laenor_Velaryon
Joffrey Velaryon,Person,,Deceased,Joffrey_Velaryon
Zhako,Person,,Deceased,Zhako
Loso,Person,,Deceased,Loso
Qano,Person,,Deceased,Qano
Corlys Velaryon,Person,,Deceased,Corlys_Velaryon
"""Blood""",Person,,Deceased,Blood_(Former_Gold_Cloak)
Lucerys Velaryon,Person,,Deceased,Lucerys_Velaryon
"""Cheese""",Person,,Deceased,Cheese
Wildling girl,Person,,Deceased  (reanimated as a wight ),Wildling_girl
Gorne,Person,,Deceased,Gorne
Yunkai'i whore,Person,,Alive,Yunkai%27i_whore
Mero,Person,,Deceased,Mero
Viola Redwyne,Person,,Uncertain,Viola_Redwyne
Harlan Hoare,Person,,Deceased,Harlan_Hoare
Qyle Corbray,Person,,Deceased,Qyle_Corbray
Robar II Royce,Person,,Deceased,Robar_II_Royce
Jaehaera Targaryen,Person,,Deceased,Jaehaera_Targaryen
Viserys II Targaryen,Person,,Deceased,Viserys_II_Targaryen
Lomas Longstrider,Person,,Deceased,Lomas_Longstrider
Aemond Targaryen,Person,,Deceased,Aemond_Targaryen
Aegon III Targaryen,Person,,Deceased,Aegon_III_Targaryen
Mirri Maz Duur,Person,,Deceased,Mirri_Maz_Duur
Maelys Blackfyre,Person,,Deceased,Maelys_Blackfyre
Daemon I Blackfyre,Person,,Deceased,Daemon_I_Blackfyre
Samwell Stone,Person,,Alive,Samwell_Stone
Kyle Royce,Person,,,Kyle_Royce
Kaeth,Person,,Deceased,Kaeth
Bethany Redwyne,Person,,Alive,Bethany_Redwyne
Ryam Redwyne,Person,,,Ryam_Redwyne
Rhaenys Targaryen,Person,,Deceased,Rhaenys_Targaryen_(Queen_Who_Never_Was)
Helaena Targaryen,Person,,Deceased,Helaena_Targaryen
Alysanne Targaryen,Person,,Deceased,Alysanne_Targaryen
Alicent Hightower,Person,,Deceased,Alicent_Hightower
Aegon Targaryen,Person,,Deceased,Aegon_Targaryen_(son_of_Aenys)
Rhaena Targaryen,Person,,Deceased,Rhaena_Targaryen_(daughter_of_Aenys)
Daenys Targaryen,Person,,Deceased,Daenys_Targaryen
Aenar Targaryen,Person,,Deceased,Aenar_Targaryen
Daena Targaryen,Person,,Deceased,Daena_Targaryen
Barth,Person,,Deceased,Barth
Aemon Blackfyre,Person,,Deceased,Aemon_Blackfyre
Aegon Blackfyre,Person,,Deceased,Aegon_Blackfyre
Serena Blackfyre,Person,,Deceased,Serena_Blackfyre
Aelinor Targaryen,Person,,Deceased,Aelinor_Targaryen
Baelor Targaryen,Person,,Deceased,Baelor_Targaryen_(son_of_Daeron_II)
Dyanna Dayne,Person,,Deceased,Dyanna_Dayne
Aegon Targaryen,Person,,Deceased,Aegon_Targaryen_(son_of_Rhaegar_and_Elia)
Leyton Hightower,Person,,Alive,Leyton_Hightower
Manfred Hightower,Person,,Deceased,Manfred_Hightower
Runcel Hightower,Person,,Deceased,Runcel_Hightower
Dorian Hightower,Person,,Deceased,Dorian_Hightower
Lymond Hightower,Person,,Deceased,Lymond_Hightower
Urrigon Hightower,Person,,Deceased,Urrigon_Hightower
Harwyn Hoare,Person,,Deceased,Harwyn_Hoare
Damon Marbrand,Person,,Alive,Damon_Marbrand
Ralf Kenning,Person,,Deceased,Ralf_Kenning
Harlon,Person,,Deceased,Harlon_the_Hunter
The Griffin King,Person,,Deceased,Griffin_King
Elenei,Person,,Deceased,Elenei
Nissa Nissa,Person,,Deceased,Nissa_Nissa
Orys I,Person,,Deceased,Orys_I
Tanselle,Person,,Deceased,Tanselle
Dorian Hightower's second wife,Person,,,Dorian_Hightower%27s_second_wife
Dorian Hightower's first wife,Person,,,Dorian_Hightower%27s_first_wife
Harrag,Person,,Alive,Harrag
Urzen,Person,,Deceased,Urzen
Aggar,Person,,Deceased,Aggar
Stygg,Person,,Deceased,Stygg
Arson,Person,,Deceased,Arson_Iceaxe
Gelmarr,Person,,Deceased,Gelmarr
Alannys Greyjoy,Person,,Deceased,Alannys_Greyjoy
Maron Greyjoy,Person,,Deceased,Maron_Greyjoy
Rodrik Greyjoy,Person,,Deceased,Rodrik_Greyjoy
Dalton Greyjoy,Person,,Deceased,Dalton_Greyjoy
Vickon Greyjoy,Person,,Deceased,Vickon_Greyjoy
Ceryse Hightower,Person,,Deceased,Ceryse_Hightower
Murmison,Person,,Deceased,Murmison
Edmyn Tully,Person,,Deceased,Edmyn_Tully
Minisa Tully,Person,,Deceased,Minisa_Tully
Bolton soldier,Person,,Deceased,Bolton_soldier_(Walk_of_Punishment)
Tess,Person,,Deceased,Tess
Tristan Mudd,Person,,Deceased,Tristan_Mudd
Mole's Town whore,Person,,Deceased,Mole%27s_Town_whore
Harren Hoare,Person,,Deceased,Harren_Hoare
Quenton Qoherys,Person,,Deceased,Quenton_Qoherys
Eon Hunter,Person,,Alive,Eon_Hunter
High Septon,Person,,Deceased,High_Septon_(Faith_Militant_uprising)
Torgold Tollett,Person,,Deceased,Torgold_Tollett
Larys Strong,Person,,Deceased,Larys_Strong
Jon Lynderly,Person,,Alive,Jon_Lynderly
Lannister guard,Person,,Alive,Lannister_guard_1
Morgan's friend,Person,,Alive,Morgan%27s_friend
Morgan,Person,,Alive,Morgan_(Two_Swords)
Singing Lannister soldier,Person,,Uncertain,Singing_Lannister_soldier
Lannister soldier,Person,,Alive,Lannister_soldier_(The_Prince_of_Winterfell)
Lannister torturer,Person,,Alive,Lannister_torturer
Marq Rankenfell,Person,,Deceased,Marq_Rankenfell
Robin Hill,Person,,Deceased,Robin_Hill
Wounded Lannister,Person,,Alive,Wounded_Lannister
Lannister guardsman,Person,,Deceased,Lannister_guardsman_(Garden_of_Bones)
Rennick,Person,,Deceased,Rennick
Willis Wode,Person,,Deceased,Willis_Wode
Casterly (founder),Person,,Deceased,Casterly_(founder)
Lannister guardsman,Person,,Alive,Lannister_guardsman_(The_Kingsroad)
Shella Whent,Person,,Deceased,Shella_Whent
Walter Whent,Person,,Deceased,Walter_Whent
Frey soldier,Person,,Deceased,Frey_soldier_2
Roslin Tully,Person,,Alive,Roslin_Tully
Stevron Frey,Person,,Deceased,Stevron_Frey
Bolton soldier,Person,,Deceased,Bolton_man_2
Bolton guard,Person,,Deceased,Bolton_guard_(The_Laws_of_Gods_and_Men)
Florian,Person,,Deceased,Florian
Bolton soldier,Person,,Deceased,Bolton_soldier_1
Tom,Person,,Deceased,Tom
Dim Dalba,Person,,Uncertain after the Battle of Bastards,Dim_Dalba
Kurleket,Person,,Deceased,Kurleket
Arthur,Person,,Alive,Arthur_(little_bird)
Lannister bannerman,Person,,Alive,Lannister_bannerman_3_(The_Ghost_of_Harrenhal)
Lannister bannerman,Person,,Alive,Lannister_bannerman_2_(The_Ghost_of_Harrenhal)
Lannister bannerman,Person,,Alive,Lannister_bannerman_1_(The_Ghost_of_Harrenhal)
Reginald Lannister,Person,,Alive,Reginald_Lannister
Yandel,Person,,Alive,Yandel
Theomar Smallwood,Person,,Alive,Theomar_Smallwood
Mhaegen,Person,,Alive,Mhaegen
Daisy,Person,,Uncertain after the murder of Ros by Joffrey Baratheon,Daisy
Stark soldier,Person,,Deceased,Stark_soldier_(Valar_Morghulis)
Armeca,Person,,Alive,Armeca
Wyllis Bracken,Person,,Alive,Wyllis_Bracken
Bethany Bracken,Person,,Deceased,Bethany_Bracken
Symun Fossoway,Person,,Alive,Symun_Fossoway
Addam Velaryon,Person,,Deceased,Addam_Velaryon
Symon Hollard,Person,,Deceased,Symon_Hollard
Garibald Tarwick,Person,,Alive,Garibald_Tarwick
Lollys Stokeworth,Person,,Alive,Lollys_Stokeworth
Cassana Baratheon,Person,,Deceased,Cassana_Baratheon
Jon Karstark,Person,,Deceased,Jon_Karstark
Laurence Karstark,Person,,Deceased,Laurence_Karstark
Petyr Karstark,Person,,Deceased,Petyr_Karstark
Berrican Karstark,Person,,Deceased,Berrican_Karstark
Barra,Person,,Deceased,Barra
Melessa Tarly,Person,,Alive,Melessa_Tarly
Talla Tarly,Person,,Alive,Talla_Tarly
Colloquo Votar,Person,,Deceased,Colloquo_Votar
Regan Karstark,Person,,Deceased,Regan_Karstark
Vance Corbray,Person,,Alive,Vance_Corbray
Varly,Person,,Deceased,Varly
Lord Ashford,Person,,Alive,Ashford_(Lord)
Stark messenger,Person,,Uncertain,Stark_messenger
Stark guard,Person,,Uncertain,Stark_guard_(A_Man_Without_Honor)
Stark guard,Person,,Uncertain,Stark_guard_(Fire_and_Blood)
Stark guard,Person,,Uncertain,Stark_guard_(The_Pointy_End)
Tomard,Person,,Alive,Tomard
Mara Karstark,Person,,Deceased,Mara_Karstark
Beric Karstark,Person,,Deceased,Beric_Karstark
Ethan Glover,Person,,,Ethan_Glover
Falyse Stokeworth,Person,,Alive,Falyse_Stokeworth
Tanda Stokeworth,Person,,Alive,Tanda_Stokeworth
Lord Stokeworth,Person,,Deceased,Stokeworth_(Lord)
Tommard Karstark,Person,,Deceased,Tommard_Karstark
Wex,Person,,Deceased,Wex
Hallyne,Person,,Alive,Hallyne
Rylene Florent,Person,,Alive,Rylene_Florent
Royal Steward,Person,,Alive,Royal_Steward
Anya Waynwood,Person,,Alive,Anya_Waynwood
Cley Cerwyn,Person,,Alive,Cley_Cerwyn
Waldra Frey,Person,,Alive,Waldra_Frey
Walda Frey,Person,,Alive,Walda_Frey_(The_Rains_of_Castamere)
Serra Frey,Person,,Alive,Serra_Frey
Gyles Rosby,Person,,Alive,Gyles_Rosby
Sarra Frey,Person,,Alive,Sarra_Frey
Shirei Frey,Person,,Alive,Shirei_Frey
Neyela Frey,Person,,Alive,Neyela_Frey
Janeya Frey,Person,,Alive,Janeya_Frey
Freya Frey,Person,,Alive,Freya_Frey
Derwa Frey,Person,,Alive,Derwa_Frey
Frey,Person,,Deceased,Frey_(founder)
Merry Frey,Person,,Alive,Merry_Frey
Marianne Frey,Person,,Alive,Marianne_Frey
Arwaya Frey,Person,,Alive,Arwaya_Frey
Dwarf,Person,,Alive,Dwarf_5
Dwarf,Person,,Alive,Dwarf_4
Dwarf,Person,,Alive,Dwarf_3
Frances,Person,,Alive,Frances
Donnel Waynwood,Person,,Alive,Donnel_Waynwood
Jonquil,Person,,Deceased,Jonquil
Dwarf,Person,,Alive,Dwarf_2
Riverlands traveller,Person,,Alive,Riverlands_traveller
Leo Lefford,Person,,Uncertain,Leo_Lefford
Alys Karstark,Person,,Alive,Alys_Karstark
Harald Karstark,Person,,Deceased,Harald_Karstark
Erena Glover,Person,,Alive,Erena_Glover
Gawen Glover,Person,,Alive,Gawen_Glover
Sybelle Glover,Person,,Alive,Sybelle_Glover
Clarenzo,Person,,Alive,Clarenzo
Walda Frey,Person,,Alive,Walda_Frey_(grandniece_of_Lord_Walder)
The thin man,Person,,Alive,Thin_man
Jasper Arryn,Person,,Deceased,Jasper_Arryn
Bianca,Person,,Alive,Bianca
Izembaro,Person,,Alive,Izembaro
Aemma Arryn,Person,,Deceased,Aemma_Arryn
Ronnel Arryn,Person,,Deceased,Ronnel_Arryn_(King)
Sharra Arryn,Person,,Deceased,Sharra_Arryn
Bobono,Person,,Alive,Bobono
Smiling Knight,Person,,Deceased,Smiling_Knight
Simon Toyne,Person,,Deceased,Simon_Toyne
Bowen,Person,,Determinant,Bowen
Mummer,Person,,Alive,Mummer_3
Brusco,Person,,Alive,Brusco
Mummer,Person,,Alive,Mummer_2
Mummer,Person,,Alive,Mummer_1
Musician,Person,,Alive,Musician_5_(The_Door)
Musician,Person,,Alive,Musician_4_(The_Door)
Dolf,Person,,Deceased,Dolf
Ulf,Person,,Alive,Ulf
Musician,Person,,Alive,Musician_3_(The_Door)
Musician,Person,,Alive,Musician_2_(The_Door)
Musician,Person,,Alive,Musician_1_(The_Door)
Mummer,Person,,Alive,Mummer_(Margaery_Tyrell)
Camello,Person,,Alive,Camello
Vardis Egen,Person,,Deceased,Vardis_Egen
Chella,Person,,Alive,Chella
Timett,Person,,Alive,Timett
Shagga,Person,,Alive,Shagga
Lhara,Person,,Alive,Lhara
Brea,Person,,Alive,Brea
Gunthor,Person,,Uncertain,Gunthor
Joss Stilwood,Person,,Alive,Joss_Stilwood
Cheyk,Person,,Uncertain,Cheyk
Clegane,Person,,Deceased,Clegane_(founder)
Fegg,Person,,Alive,Fegg
Innkeeper,Person,,Alive,Innkeeper
Lowell,Person,,Deceased,Lowell
Stableboy,Person,,Deceased,Stableboy
Bathhouse prostitute,Person,,Alive,Bathhouse_prostitute
Ilyn Payne,Person,,Alive,Ilyn_Payne
Eldrick Sarsfield,Person,,Alive,Eldrick_Sarsfield
Cedric Forrester,Person,,Deceased,Cedric_Forrester
Gerhard Forrester,Person,,Deceased,Gerhard_Forrester
Burton Crakehall,Person,,Deceased,Burton_Crakehall
Braavosi Madam,Person,,Alive,Braavosi_madam
Desmond Crakehall,Person,,Alive,Desmond_Crakehall
Braavosi prostitute,Person,,Alive,Braavosi_prostitute
Thorren Forrester,Person,,Deceased,Thorren_Forrester
Malcolm Branfield,Person,,Alive,Malcolm_Branfield
Eglantine,Person,,Alive,Eglantine
Masha Heddle,Person,,Uncertain,Masha_Heddle
Lommy,Person,,Deceased,Lommy
Dying man,Person,,Deceased,Dying_man
Aya,Person,,Alive,Aya
Croft,Person,,Alive,Croft
Talia Branfield,Person,,Deceased,Talia_Branfield
Lord Branfield,Person,,Deceased,Branfield_(Lord)
Anara,Person,,Alive,Anara
Bryan,Person,,Uncertain,Bryan
Prisoner,Person,,Deceased,Prisoner
Lucan,Person,,Alive,Lucan_(Telltale)
Godwyn,Person,,Alive,Godwyn
Damien,Person,,Deceased,Damien
Tom,Person,,Determinant,Tom_(Telltale)
Whore,Person,,Alive,Whore_(The_Stranger)
Whore,Person,,Alive,Whore_(Mother_of_Dragons)
High Septon,Person,,Deceased,High_Septon_(War_of_Conquest)
Daeron I Targaryen,Person,,Deceased,Daeron_I_Targaryen
Bezzaq,Person,,Deceased,Bezzaq
Dezhor zo Raza,Person,,Determinant,Dezhor_zo_Raza
Kieran,Person,,Alive,Kieran
Penn,Person,,Alive,Penn
Therrond,Person,,Alive,Therrond
Nail,Person,,Alive,Nail
Rhogar,Person,,Uncertain,Rhogar
Tazal,Person,,Determinant,Tazal
Jodan,Person,,Alive,Jodan
Joffrey Dayne,Person,,Deceased,Joffrey_Dayne
Clea,Person,,Alive,Clea
Josera Snow,Person,,Alive,Josera_Snow
Gregor Forrester,Person,,Deceased,Gregor_Forrester
Torrhen Whitehill,Person,,Alive,Torrhen_Whitehill
Whitehill soldier,Person,,Deceased,Whitehill_soldier_1
Rickard Morgryn,Person,,Alive,Rickard_Morgryn
Ethan Forrester,Person,,Deceased,Ethan_Forrester
Andros,Person,,Deceased,Andros
Ebbert Whitehill,Person,,Alive,Ebbert_Whitehill
Karl Whitehill,Person,,Deceased,Karl_Whitehill
Arthur Glenmore,Person,,Deceased,Arthur_Glenmore
Lord Glenmore,Person,,Alive,Glenmore_(Lord)
Lady Whitehill,Person,,Deceased,Whitehill_(Lady)
Rhaenys Targaryen,Person,,Deceased,Rhaenys_Targaryen_(sister_of_Aegon_I)
Argilac Durrandon,Person,,Deceased,Argilac_Durrandon
Mern IX Gardener,Person,,Deceased,Mern_IX_Gardener
Rhaegel Targaryen,Person,,Deceased,Rhaegel_Targaryen
Aerys I Targaryen,Person,,Deceased,Aerys_I_Targaryen
Alester Tyrell,Person,,,Alester_Tyrell
The Vulture King,Person,,Deceased,Vulture_King
Ternesio Terys,Person,,Alive,Ternesio_Terys
Sam Tarly,Person,,Deceased,Sam_Tarly
Orys Baratheon,Person,,Deceased,Orys_Baratheon
Aenys I Targaryen,Person,,Deceased,Aenys_Targaryen
Horned Lord,Person,,Deceased,Horned_Lord
Garlan Tyrell,Person,,,Garlan_Tyrell
Willas Tyrell,Person,,,Willas_Tyrell
Raymun Redbeard,Person,,Deceased,Raymun_Redbeard
High Septon,Person,,Deceased,High_Septon_(Stonemason)
High Septon,Person,,Deceased,High_Septon_(Baelor)
Lord Belgrave,Person,,Deceased,Belgrave_(Lord)
High Septon,Person,,Deceased,High_Septon_(Boy)
Owen Merryweather,Person,,,Owen_Merryweather
Illyrio Mopatis' first wife,Person,,Uncertain,Illyrio_Mopatis%27s_first_wife
Axel Tully,Person,,Deceased,Axel_Tully
Theron,Person,,Deceased,Theron
Quillion,Person,,Deceased,Quillion
Jellicoe,Person,,Deceased,Jellicoe
Cragorn,Person,,Alive,Cragorn
Areo Hotah,Person,,Deceased,Areo_Hotah
Maron Martell,Person,,Deceased,Maron_Martell
Meria Martell,Person,,Deceased,Meria_Martell
Myriah Martell,Person,,Deceased,Myriah_Martell
Daenerys Targaryen,Person,,Deceased,Daenerys_Targaryen_(daughter_of_Aegon_IV)
Nymor Martell,Person,,Deceased,Nymor_Martell
Wineseller,Person,,Deceased,Wineseller
Garin,Person,,Deceased,Garin_the_Great
Uthero Zalyne,Person,,Deceased,Uthero_Zalyne
Albin Manwoody,Person,,Deceased,Albin_Manwoody
Lucifer Dryland,Person,,Deceased,Lucifer_Dryland
Garrison Fowler,Person,,Deceased,Garrison_Fowler
Yorick V Yronwood,Person,,Deceased,Yorick_V_Yronwood
Little Bird,Person,,Alive,Little_Bird_(You_Win_or_You_Die)
Barbrey Dustin,Person,,Alive,Barbrey_Dustin
Nymeria,Person,,Deceased,Nymeria
Daughter of Nymeria and Mors Martell,Person,,Deceased,Martell_(daughter_of_Mors)
Mors Martell,Person,,Deceased,Mors_Martell
Daemon Sand,Person,,Alive,Daemon_Sand
Edgar Yronwood,Person,,Deceased,Edgar_Yronwood
Samwell,Person,,Alive,Sam
Kyra,Person,,Deceased,Kyra
Merchant captain,Person,,Deceased,Merchant_captain
Sarella Sand,Person,,Alive,Sarella_Sand
Loreza Sand,Person,,Alive,Loreza_Sand
Dorea Sand,Person,,Alive,Dorea_Sand
Obella Sand,Person,,Alive,Obella_Sand
Elia Sand,Person,,Alive,Elia_Sand
Brynden Tully,Person,,Deceased,Brynden_Tully
Aegor Rivers,Person,,Deceased,Aegor_Rivers
Harry Strickland,Person,,Alive,Harry_Strickland
Gold Cloak,Person,,Alive,Gold_Cloak_on_the_Kingsroad
Stark guard,Person,,Uncertain,Stark_guard_(The_Old_Gods_and_the_New)
The Warg King,Person,,Deceased,Warg_King
First King,Person,,Deceased,First_King
Malakho,Person,,Alive,Malakho
King's Landing rioter,Person,,Uncertain,King%27s_Landing_rioter_2
King's Landing rioter,Person,,Uncertain,King%27s_Landing_rioter_3
Lannister captain,Person,,Alive,Lannister_captain
King's Landing rioter,Person,,Deceased,King%27s_Landing_rioter_1
Gold Cloak,Person,,Alive,Gold_Cloak_2_(The_Wolf_and_the_Lion)
Gold Cloak,Person,,Alive,Gold_Cloak_1_(The_Wolf_and_the_Lion)
Gold Cloak,Person,,Alive,Gold_Cloak_2_(Lord_Snow)
Gold Cloak,Person,,Alive,Gold_Cloak_1_(Lord_Snow)
Shae,Person,,Deceased,Shae
Jon Stark,Person,,Deceased,Jon_Stark
Aron Santagar,Person,,Deceased,Aron_Santagar
Quent,Person,,Uncertain,Quent
Simon Strong,Person,,Deceased,Simon_Strong
Jacks,Person,,Uncertain,Jacks
Irri,Person,,Deceased,Irri
Palla,Person,,Deceased,Palla
The Spice King,Person,,Deceased,Spice_King
High Septon,Person,,Deceased,High_Septon_(Before_the_riot_of_King%27s_Landing)
Lannister soldier,Person,,Alive,Lannister_soldier_2_(Dragonstone)
The Shepherd,Person,,Deceased,The_Shepherd
Maegor I Targaryen,Person,,Deceased,Maegor_Targaryen
Copper King,Person,,Deceased,Copper_King
Hobb,Person,,Deceased,Hobb_the_Hewer
Silk King,Person,,Deceased,Silk_King
Drennan,Person,,Deceased,Drennan
White Walker,Person,,Deceased,White_Walker_1_(Beyond_the_Wall)
Tytos Lannister,Person,,Deceased,Tytos_Lannister
Lyman Lannister,Person,,Alive,Lyman_Lannister
Cynda Lannister,Person,,Alive,Cynda_Lannister
Dorna Lannister,Person,,Uncertain,Dorna_Lannister
Damon Lannister,Person,,Deceased,Damon_Lannister
Tommen II Lannister,Person,,Deceased,Tommen_II_Lannister
Tyland Lannister,Person,,Deceased,Tyland_Lannister
Orson Lannister,Person,,Deceased,Orson_Lannister
Gwyn Whitehill,Person,,Alive,Gwyn_Whitehill
Elissa Forrester,Person,,Deceased,Elissa_Forrester
Talia Forrester,Person,,Alive,Talia_Forrester
Bloodsong,Person,,Determinant,Bloodsong
Loren I Lannister,Person,,Deceased,Loren_I_Lannister
Marei,Person,,Alive,Marei
Kayla,Person,,Alive,Kayla
Genna,Person,,Alive,Genna
Mirelle,Person,,Alive,Mirelle
Harys,Person,,Deceased,Harys
Beskha,Person,,Alive,Beskha
Amaya,Person,,Deceased,Amaya
Royland Degore,Person,,Determinant,Royland_Degore
Asher Forrester,Person,,Determinant,Asher_Forrester
Duncan Tuttle,Person,,Determinant,Duncan_Tuttle
Rodrik Forrester,Person,,Determinant,Rodrik_Forrester
Slaver,Person,,Alive,"Slaver_(Unbowed,_Unbent,_Unbroken)"
Whore,Person,,Alive,Whore_(The_Warrior)
Whore,Person,,Alive,Whore_(Two_Swords)
Male prostitute,Person,,Alive,Male_prostitute
The Scourge,Person,,Deceased,The_Scourge
The Beast,Person,,Deceased,The_Beast
Willem Darry,Person,,Deceased,Willem_Darry
Willem,Person,,Deceased,Willem
Gerald,Person,,Alive,Gerald
Margaery's handmaiden,Person,,Deceased,Margaery%27s_handmaiden
Obara Sand,Person,,Deceased,Obara_Sand
Lyonel Tyrell,Person,,Deceased,Lyonel_Tyrell
Tyrell lady,Person,,Deceased,Tyrell_lady
Colen of Greenpools,Person,,Alive,Colen
Harlen Tyrell,Person,,Deceased,Harlen_Tyrell
Theon's master of hounds,Person,,Deceased,Theon%27s_master_of_hounds
Fury,Person,,Uncertain,Fury_gunnery_officer
Ros's dissatisfied customer,Person,,Alive,Ros%27s_dissatisfied_customer
Garth Gardener,Person,,Deceased,Garth_Gardener
Moelle,Person,,Deceased,Moelle
Maggy,Person,,Uncertain,Maggy
Captain of the Lannister archers,Person,,Uncertain,Captain_of_the_archers_(House_Lannister)
Qhono,Person,,Alive,Qhono
Unella,Person,,Uncertain,Unella
Luthor Tyrell,Person,,Deceased,Luthor_Tyrell
Addam Marbrand,Person,,Alive,Addam_Marbrand
Gold Cloak,Person,,Deceased,Gold_Cloak_2_(Eastwatch)
Scolera,Person,,Deceased,Scolera
Gold Cloak,Person,,Deceased,Gold_Cloak_1_(Eastwatch)
Daemon Targaryen,Person,,Deceased,Daemon_Targaryen
Sorcerer,Person,,Uncertain,Sorcerer
Mira Forrester,Person,,Determinant,Mira_Forrester
Old woman,Person,,Deceased,Old_woman
King's Landing baker,Person,,Alive,King%27s_Landing_baker
Joss,Person,,Alive,Joss_(A_Golden_Crown)
Night's Watch officer,Person,,Deceased,Night%27s_Watch_Officer_2
Allana Tyrell,Person,,Deceased,Allana_Tyrell
Sera Durwell,Person,,Alive,Sera_Durwell
Alerie Tyrell,Person,,Deceased,Alerie_Tyrell
Brotherhood member,Person,,Alive,Brotherhood_member
Dickon Tarly,Person,,Deceased,Dickon_Tarly
Rancer,Person,,Alive,Rancer
Allo,Person,,Alive,Allo
Luke,Person,,Alive,Luke
Vorkoy,Person,,Alive,Vorkoy
Echiel,Person,,Alive,Echiel
Joby,Person,,Alive,Joby
Myk,Person,,Alive,Myk
Mink,Person,,Alive,Mink
Joe,Person,,Alive,Joe
Gordo,Person,,Alive,Gordo
Smitty,Person,,Deceased,Smitty
Niko,Person,,Alive,Niko
Bannen,Person,,Deceased,Bannen
Escan,Person,,Alive,Escan
Clydas,Person,,Alive,Clydas
Qhorin,Person,,Deceased,Qhorin
Nelugo,Person,,Alive,Nelugo
Paxter Redwyne,Person,,Alive,Paxter_Redwyne
Nymeria Sand,Person,,Deceased,Nymeria_Sand
Elia Martell,Person,,Deceased,Elia_Martell
Wallen,Person,,Deceased,Wallen
Stiv,Person,,Deceased,Stiv
Bert,Person,,Deceased,Bert
Imry Florent,Person,,Uncertain ; participated in the Battle of the Blackwater,Imry_Florent
Edric Baratheon,Person,,Deceased,Edric_Baratheon
Tommard Baratheon,Person,,Deceased,Tommard_Baratheon
Petyr Baratheon,Person,,Deceased,Petyr_Baratheon
Pylos,Person,,Deceased,Pylos
Steffon Baratheon,Person,,Deceased,Steffon_Baratheon
Violet,Person,,Deceased,Violet
Tansy,Person,,Deceased,Tansy
Dareon,Person,,Uncertain,Dareon
Borcas,Person,,Uncertain,Borcas
Baratheon general,Person,,Deceased,Baratheon_general
Borba,Person,,Deceased,Borba
Harker,Person,,Deceased,Harker
Stonesnake,Person,,Deceased,Stonesnake
Casper,Person,,Uncertain,Casper
Elsera Snow,Person,,Alive,Elsera_Snow
Steffon,Person,,Alive,Steffon_(turnip_cart_driver)
Protestor,Person,,Alive,Protestor
High Septon,Person,,Deceased,High_Septon_(Robert%27s_Rebellion)
Child of the Forest,Person,,303 AC at the cave of the Three-Eyed Raven Killed by White Walkers,Child_of_the_Forest_2_(The_Children)
Sparring boy,Person,,Alive,Sparring_boy
Night's Watch archer,Person,,Uncertain,Night%27s_Watch_archer
Jack Bulwer,Person,,Deceased,Jack_Bulwer
Kegs,Person,,Deceased,Kegs
Halder,Person,,Alive,Halder
Mully,Person,,Deceased,Mully
Lobor,Person,,Uncertain,Lobor
Hobb,Person,,Alive,Hobb
Britt Warrick,Person,,Deceased,Britt_Warrick
Hugh,Person,,Uncertain,Hugh_(Telltale)
Todder,Person,,Alive,Todder
Ygritte,Person,,Deceased,Ygritte
Donnel Hill,Person,,Deceased,Donnel_Hill
Cooper,Person,,Deceased,Cooper
Balian,Person,,Alive,Balian
Matthar,Person,,Alive,Matthar
Mag Mar Tun Doh Weg,Person,,Deceased,Mag_Mar_Tun_Doh_Weg
Jafer Flowers,Person,,Deceased,Jafer_Flowers
Othor,Person,,Deceased,Othor
Jaremy Rykker,Person,,Uncertain,Jaremy_Rykker
Brynden Rivers,Person,,Deceased,Brynden_Rivers
Joramun,Person,,Deceased,Joramun
Jaehaerys I Targaryen,Person,,Deceased,Jaehaerys_I_Targaryen
Harys Swyft,Person,,Alive,Harys_Swyft
Zalla,Person,,,Zalla
Mole's Town madam,Person,,Deceased,Mole%27s_Town_madam
Mikken,Person,,Uncertain,Mikken
Farlen,Person,,Deceased,Farlen
Jojen Reed,Person,,Deceased,Jojen_Reed
Hodor,Person,,Deceased,Hodor
Nan,Person,,Deceased,Old_Nan
Vayon Poole,Person,,Deceased,Vayon_Poole
Jory Cassel,Person,,Deceased,Jory_Cassel
Jeyne Poole,Person,,Uncertain,Jeyne_Poole
Goatherd,Person,,Alive,Goatherd_(The_Children)
Jonos Bracken,Person,,Alive,Jonos_Bracken
Galbart Glover,Person,,Deceased,Galbart_Glover
Jon Umber,Person,,Deceased,Greatjon_Umber
Wyman Manderly,Person,,Alive,Wyman_Manderly
Lynesse Hightower,Person,,Alive,Lynesse_Hightower
Domeric Bolton,Person,,Deceased,Domeric_Bolton
Royce IV Bolton,Person,,Deceased,Royce_IV_Bolton
Master Torturer,Person,,Deceased,Master_Torturer
Rogar Bolton,Person,,Deceased,Rogar_Bolton
Heward,Person,,Deceased,Heward
King's Landing whore,Person,,Alive,King%27s_Landing_whore_(Lord_Snow)
Tregar Ormollen,Person,,Alive,Tregar_Ormollen
Son of Roose and Walda Bolton,Person,,Deceased,Bolton_(son_of_Roose)
Baratheon officer,Person,,Deceased,Baratheon_officer
Yohn Royce,Person,,Alive,Yohn_Royce
Myranda,Person,,Deceased,Myranda
Walda Bolton,Person,,Deceased,Walda_Bolton
Robin Arryn,Person,,Alive,Robin_Arryn
Will,Person,,Deceased,Will
Gared,Person,,Deceased,Gared
Waymar Royce,Person,,Deceased,Waymar_Royce
Rossart,Person,,Deceased,Rossart
Qarlton Chelsted,Person,,,Qarlton_Chelsted
Jon Connington,Person,,Deceased,Jon_Connington
Trystane Martell,Person,,Deceased,Trystane_Martell
Doran Martell,Person,,Deceased,Doran_Martell
Lyanna Stark,Person,,Deceased,Lyanna_Stark
Rickard Stark,Person,,Deceased,Rickard_Stark
Cregan Stark,Person,,Deceased,Cregan_Stark
Osric Stark,Person,,Deceased,Osric_Stark
Torrhen Stark,Person,,Deceased,Torrhen_Stark
Rickard Stark,Person,,Deceased,Rickard_Stark_(King)
Dorren Stark,Person,,Deceased,Dorren_Stark
Theon Stark,Person,,Deceased,Theon_Stark
Karlon Stark,Person,,Deceased,Karlon_Stark
Rodrik Stark,Person,,Deceased,Rodrik_Stark
Brandon Stark,Person,,Deceased,Brandon_Stark_(the_Breaker)
Maege Mormont,Person,,Deceased,Maege_Mormont
Rickard Karstark,Person,,Deceased,Rickard_Karstark
Torrhen Karstark,Person,,Deceased,Torrhen_Karstark
Olyvar Frey,Person,,Uncertain,Olyvar_Frey
Wendel Manderly,Person,,Deceased,Wendel_Manderly
Jeor Mormont,Person,,Deceased,Jeor_Mormont
Bald Dragonstone servant,Person,,Likely Deceased,Bald_Dragonstone_servant
Cotter,Person,,Deceased,Cotter
Rast,Person,,Deceased,Rast
Karl Tanner,Person,,Deceased,Karl_Tanner
Erik,Person,,Determinant,Erik
Finn,Person,,Determinant,Finn
Gared Tuttle,Person,,Alive,Gared_Tuttle
Mance Rayder,Person,,Deceased,Mance_Rayder
Night's Watch officer,Person,,Uncertain,Night%27s_Watch_officer
Night's Watch messenger,Person,,Alive,Night%27s_Watch_messenger
King's Landing urchin,Person,,Alive,King%27s_Landing_urchin
Olly,Person,,Deceased,Olly
Night's Watch man,Person,,Alive,Night%27s_Watch_man_(Baelor)
Yoren,Person,,Deceased,Yoren
Grenn,Person,,Deceased,Grenn
Pypar,Person,,Deceased,Pypar
Othell Yarwyck,Person,,Deceased,Othell_Yarwyck
Bowen Marsh,Person,,Deceased,Bowen_Marsh
Endrew Tarth,Person,,Alive,Endrew_Tarth
Cotter Pyke,Person,,Uncertain,Cotter_Pyke
Denys Mallister,Person,,Alive,Denys_Mallister
Alliser Thorne,Person,,Deceased,Alliser_Thorne
Eddison Tollett,Person,,Alive,Eddison_Tollett
Janos Slynt,Person,,Deceased,Janos_Slynt
Guymon,Person,,Deceased,Guymon
Olly's mother,Person,,Deceased,Olly%27s_mother
Winterfell shepherd,Person,,Deceased,Winterfell_shepherd
Billy,Person,,Deceased,Billy
Ramsay Bolton,Person,,Deceased,Ramsay_Bolton
Jack,Person,,Deceased,Jack
Lorren,Person,,Deceased,Lorren
Rodrik Cassel,Person,,Deceased,Rodrik_Cassel
Derek,Person,,Alive,Derek
Catspaw assassin,Person,,Deceased,Catspaw_assassin
Jon Arryn,Person,,Deceased,Jon_Arryn
Lysa Arryn,Person,,Deceased,Lysa_Arryn
Dagmer,Person,,Deceased,Dagmer
Rickon Stark,Person,,Deceased,Rickon_Stark
Brant,Person,,Alive,Brant
Wyl,Person,,Deceased,Wyl_(House_Stark)
Pentoshi servant,Person,,Alive,Pentoshi_servant
Xaro Xhoan Daxos,Person,,Deceased,Xaro_Xhoan_Daxos
Pyat Pree,Person,,Deceased,Pyat_Pree
Warlock,Person,,Alive,Unidentified_Warlock
Rhaenys Targaryen,Person,,Deceased,Rhaenys_Targaryen_(daughter_of_Rhaegar)
Rhaella Targaryen,Person,,Deceased,Rhaella_Targaryen
Osha,Person,,Deceased,Osha
Caleotte,Person,,Deceased,Caleotte
Ortengryn,Person,,Deceased,Ortengryn
Peremore Hightower,Person,,Deceased,Peremore_Hightower
Marlon,Person,,Alive,Marlon
Ch'Vyalthan,Person,,Deceased,Ch%27Vyalthan
Aemon,Person,,Deceased,Aemon
Helliweg,Person,,Alive,Helliweg
Ebrose,Person,,Alive,Ebrose
Randyll Tarly,Person,,Deceased,Randyll_Tarly
Dwarf hunter,Person,,Alive,Dwarf_hunter_2
Dwarf hunter,Person,,Alive,Dwarf_hunter_1
Dwarf,Person,,Deceased,Dwarf_1
Bruni,Person,,Deceased,Bruni
Steelshanks,Person,,Uncertain,Steelshanks
Pycelle,Person,,Deceased,Pycelle
Talisa Maegyr,Person,,Deceased,Talisa_Stark
Roose Bolton,Person,,Deceased,Roose_Bolton
Rakharo,Person,,Deceased,Rakharo
Kovarro,Person,,Alive,Kovarro
Emmon Cuy,Person,,Deceased,Emmon_Cuy
Sandhu,Person,,Alive,Sandhu
Weyland,Person,,Deceased,Weyland
Viserys Targaryen,Person,,Deceased,Viserys_Targaryen
Locke,Person,,Deceased,Locke
Robar Royce,Person,,Deceased,Robar_Royce
Gwayne Gaunt,Person,,Deceased,Gwayne_Gaunt
Jonothor Darry,Person,,Deceased,Jonothor_Darry
Lewyn Martell,Person,,Deceased,Lewyn_Martell
Oswell Whent,Person,,Deceased,Oswell_Whent
Gerardys,Person,,Deceased,Gerardys
Howland Reed,Person,,Alive,Howland_Reed
Bharbo,Person,,Deceased,Bharbo
Duncan Targaryen,Person,,Deceased,Duncan_Targaryen
Duncan,Person,,Deceased,Duncan_the_Tall
Aerion Targaryen,Person,,Deceased,Aerion_Targaryen
Willem Wylde,Person,,Deceased,Willem_Wylde
Aegon V Targaryen,Person,,Deceased,Aegon_V_Targaryen
Gwayne Corbray,Person,,Deceased,Gwayne_Corbray
Daeron II Targaryen,Person,,Deceased,Daeron_II_Targaryen
Terrence Toyne,Person,,Deceased,Terrence_Toyne
Aemon Targaryen,Person,,Deceased,Aemon_Targaryen_(Dragonknight)
Marston Waters,Person,,Deceased,Marston_Waters
Erryk Cargyll,Person,,Deceased,Erryk_Cargyll
Aegon IV Targaryen,Person,,Deceased,Aegon_IV_Targaryen
Arryk Cargyll,Person,,Deceased,Arryk_Cargyll
Bessie,Person,,,Bessie
Rhaenyra Targaryen,Person,,Deceased,Rhaenyra_Targaryen
Criston Cole,Person,,Deceased,Criston_Cole
Aegon II Targaryen,Person,,Deceased,Aegon_II_Targaryen
Viserys I Targaryen,Person,,Deceased,Viserys_I_Targaryen
Ironborn,Person,,Alive,Ironborn_2_(The_Door)
Irogenia,Person,,,Irogenia_of_Lys
Visenya Targaryen,Person,,Deceased,Visenya_Targaryen
Aerys II Targaryen,Person,,Deceased,Aerys_II_Targaryen
Drunk Man,Person,,Alive,Drunk_man
Mandon Moore,Person,,Deceased,Mandon_Moore
Bernadette,Person,,Alive,Bernadette
Osmund Kettleblack,Person,,Alive,Osmund_Kettleblack
Septon,Person,,Alive,Septon_(Valar_Morghulis)
Gerold Hightower,Person,,Deceased,Gerold_Hightower
Balon Swann,Person,,Alive,Balon_Swann
Arys Oakheart,Person,,Alive,Arys_Oakheart
Preston Greenfield,Person,,Alive,Preston_Greenfield
Boros Blount,Person,,Alive,Boros_Blount
Meryn Trant,Person,,Deceased,Meryn_Trant
Tycho Nestoris,Person,,Alive,Tycho_Nestoris
Old woman prisoner,Person,,Deceased,Old_woman_prisoner
Ashara Dayne,Person,,Deceased,Ashara_Dayne
Arthur Dayne,Person,,Deceased,Arthur_Dayne
Walder Rivers,Person,,Deceased,Walder_Rivers
Lothar Frey,Person,,Deceased,Lothar_Frey
Aegon I Targaryen,Person,,Deceased,Aegon_I_Targaryen
Farmer,Person,,Deceased,Farmer
Silent Sisters,Person,Religious order- mortitions,Active,Silent_Sisters
Sally,Person,,Deceased,Sally
Robb Stark,Person,,Deceased,Robb_Stark
Walder Frey,Person,,Deceased,Walder_Frey
Mace Tyrell,Person,,Deceased,Mace_Tyrell
Tyrell servant,Person,,Deceased,Tyrell_servant
King's Landing tailor,Person,,Alive,King%27s_Landing_tailor
Karstark lookout,Person,,Deceased,Karstark_lookout
Kevan Lannister,Person,,Deceased,Kevan_Lannister
Maegor III Targaryen,Person,,Deceased,Maegor_III_Targaryen
Great Master,Person,,Alive,Great_Master_6
Great Master,Person,,Alive,Great_Master_7
Great Master,Person,,Alive,Great_Master_5
Great Master,Person,,Alive,Great_Master_2_(Kill_the_Boy)
Great Master,Person,,Alive,Great_Master_4
Great Master,Person,,Alive,Great_Master_3_(Kill_the_Boy)
Elyo Grivas,Person,,Deceased,Elyo_Grivas
Septon,Person,,Alive,Septon_(The_Rains_of_Castamere)
Night's Watch man,Person,,Alive,Night%27s_Watch_man_(Breaker_of_Chains)
Tortured slave,Person,,Deceased,Tortured_slave
Drummer,Person,,Alive,Drummer
Hog farmer,Person,,Alive,Hog_farmer
Frey Guard,Person,,Uncertain,Frey_guard
Yunkai'i slave,Person,,Alive,Yunkai%27i_slave_6
Yunkai'i slave,Person,,Alive,Yunkai%27i_slave_5
Lord Wibberley,Person,,Alive,Wibberley_(Lord)
Yunkai'i slave,Person,,Alive,Yunkai%27i_slave_4
Great Master,Person,,Alive,Hizdahr_zo_Loraq%27s_manservant
Slave,Person,,Alive,Slave_(Breaker_of_Chains)
Yunkai'i slave,Person,,Alive,Yunkai%27i_slave_3
Yunkai'i slave,Person,,Alive,Yunkai%27i_slave_2
Yunkai'i slave,Person,,Alive,Yunkai%27i_slave_1
Fruit vendor,Person,,Alive,Fruit_vendor
Great Master,Person,,Alive,Great_Master_3_(Breaker_of_Chains)
Unsullied,Person,,Alive,Unsullied_1_(Oathkeeper)
Valyrian slave,Person,,Alive,Valyrian_slave
Elder slave,Person,,Alive,Elder_slave
Great Master,Person,,Deceased,Great_Master_2_(Breaker_of_Chains)
Great Master,Person,,Deceased,Great_Master_1_(Breaker_of_Chains)
Brothel guard,Person,,Alive,Brothel_guard
Little Bird,Person,,Alive,Little_Bird_(The_Mountain_and_the_Viper)
Kullback,Person,,Uncertain,Kullback
Goatherd,Person,,Alive,Goatherd_(The_Laws_of_Gods_and_Men)
Calla,Person,,Alive,Calla
Mighdal,Person,,Alive,Mighdal
Goatherd's son,Person,,Alive,Goatherd%27s_son
King's Landing flasher,Person,,Alive,King%27s_Landing_flasher
King's Landing whore,Person,,Alive,King%27s_Landing_whore_(Mother%27s_Mercy)
King's Landing drunkard,Person,,Alive,King%27s_Landing_drunkard
Whore,Person,,Alive,Whore_(The_Crone)
Whore,Person,,Alive,Whore_(The_Maiden)
Whore,Person,,Alive,Whore_(The_Mother)
Whore,Person,,Alive,Whore_(The_Smith)
Foreign merchant,Person,,Alive,Foreign_merchant
Lead Kingsguard,Person,,Alive,Lead_Kingsguard
Second Son,Person,,Deceased,Second_Son
Faith Militant,Person,,Deceased,Faith_Militant_1
Faith Militant,Person,,Deceased,Faith_Militant_2
Lead Dornish guard,Person,,Deceased,Lead_Dornish_guard
Baratheon soldier,Person,,Deceased,Baratheon_soldier_(The_Dance_of_Dragons)
Dothraki woman having sex,Person,,Alive,Dothraki_woman_having_sex_(Book_of_the_Stranger)
Great Master,Person,,Deceased,Great_Master_1_(Kill_the_Boy)
Baratheon soldier,Person,,Deceased,Baratheon_soldier_(Mother%27s_Mercy)
Brothel child,Person,,Alive,Brothel_child_2
Brothel child,Person,,Alive,Brothel_child_1
Ghita,Person,,Deceased,Ghita
Tyrell guard,Person,,Deceased,Tyrell_guard_(The_Gift)
Braavosi Captain,Person,,Alive,Braavosi_captain
Boake,Person,,Deceased,Boake
Duncan Liddle,Person,,Alive,Duncan_Liddle
Dothraki man having sex,Person,,Alive,Dothraki_man_having_sex
Gladiator,Person,,Alive,Gladiator
Joss,Person,,Alive,"Joss_(Unbowed,_Unbent,_Unbroken)"
Simpson,Person,,Deceased,Simpson
Winter town man,Person,,Alive,Winter_town_man
Gordy,Person,,Deceased,Gordy
Balon Greyjoy,Person,,Deceased,Balon_Greyjoy
Syrio Forel,Person,,Deceased [1],Syrio_Forel
The Night's King,Person,,Deceased,Night%27s_King
Axell Florent,Person,,Deceased,Axell_Florent
Shireen Baratheon,Person,,Deceased,Shireen_Baratheon
Hot Pie,Person,,Alive,Hot_Pie
Sailor,Person,,Alive,Sailor_(The_Dance_of_Dragons)
Fighting pit announcer,Person,,Deceased,Fighting_pit_announcer
Meereenese Champion,Person,,Deceased,Meereenese_Champion
Young bravo,Person,,Alive,Young_bravo
Qartheen woman,Person,,Alive,Qartheen_woman
Water Dancer,Person,,Deceased,Water_Dancer
Pit fighter,Person,,Deceased,Pit_fighter
Norvoshi pit fighter,Person,,Deceased,Norvoshi_pit_fighter
Dothraki pit fighter,Person,,Deceased,Dothraki_pit_fighter
Inn waitress,Person,,Alive,Inn_waitress
Street tough,Person,,Alive,Street_tough_2
Mallister supporter,Person,,Alive,Mallister_supporter
Hoster Tully,Person,,Deceased,Hoster_Tully
Eyrie Guard,Person,,Alive,Eyrie_guard
Ray,Person,,Deceased,Ray
Street tough,Person,,Alive,Street_tough_1
Steve,Person,,Deceased,Steve
Morgan,Person,,Deceased,Morgan
Gatins,Person,,Deceased,Gatins
Riddell,Person,,Deceased,Riddell
Eddard Stark,Person,,Deceased,Eddard_Stark
Olyvar,Person,,Alive,Olyvar
Lem,Person,,Deceased,Lem
Anguy,Person,,Alive,Anguy
Loras Tyrell,Person,,Deceased,Loras_Tyrell
High Septon,Person,,Uncertain,High_Septon_(After_the_riot_of_King%27s_Landing)
High Sparrow,Person,,Deceased,High_Sparrow
Lancel Lannister,Person,,Deceased,Lancel_Lannister
Oberyn Martell,Person,,Deceased,Oberyn_Martell
Yezzan zo Qaggaz,Person,,Alive,Yezzan_zo_Qaggaz
Karstark soldier,Person,,Uncertain,Karstark_soldier_2
Tortured prisoner,Person,,Deceased,Tortured_prisoner
Razdal mo Eraz,Person,,Deceased,Razdal_mo_Eraz
Karstark soldier,Person,,Uncertain,Karstark_soldier_1
Belicho Paenymion,Person,,Deceased,Belicho_Paenymion
Ironborn in skiff,Person,,Uncertain,Ironborn_in_skiff
First Mate,Person,,Uncertain,First_Mate
Hizdahr zo Loraq,Person,,Deceased,Hizdahr_zo_Loraq
Vala,Person,,Alive,Vala
Fennesz,Person,,Alive,Fennesz
Mossador,Person,,Deceased,Mossador
Son of the Harpy,Person,,Deceased,Son_of_the_Harpy
Barristan Selmy,Person,,Deceased,Barristan_Selmy
Daario Naharis,Person,,Alive,Daario_Naharis
Illyrio Mopatis,Person,,Alive,Illyrio_Mopatis
Drogo,Person,,Deceased,Drogo
Temmo,Person,,Deceased,Temmo
Kraznys mo Nakloz,Person,,Deceased,Kraznys_mo_Nakloz
White Rat,Person,,Deceased,White_Rat
Dom,Person,,Alive,Dom
Salladhor Saan,Person,,Alive,Salladhor_Saan
Lodos,Person,,Deceased,Lodos
Drowned Men,Person,,Alive,Drowned_Priest
Aeron Greyjoy,Person,,Alive,Aeron_Greyjoy
Selyse Baratheon,Person,,Deceased,Selyse_Baratheon
Unsullied,Person,,Alive,Unsullied_1_(Valar_Dohaeris)
Boat commander,Person,,Alive,Boat_commander
Quaithe,Person,,Alive,Quaithe
Beric Dondarrion,Person,,Uncertain [1],Beric_Dondarrion
Renly Baratheon,Person,,Deceased,Renly_Baratheon
Orphan kid,Person,,Alive,Orphan_kid_1
Matthos Seaworth,Person,,Deceased,Matthos_Seaworth
Stannis Baratheon,Person,,Deceased,Stannis_Baratheon
Robert I Baratheon,Person,,Deceased,Robert_Baratheon
Rognar II Greyiron,Person,,Deceased,Rognar_II_Greyiron
Zanrush,Person,,Alive,Zanrush
Kinvara,Person,,Alive,Kinvara
Thoros,Person,,Deceased,Thoros
Lordsport dockhand,Person,,Alive,Lordsport_dockhand
Red Priestess,Person,,Alive,Red_Priestess_(No_One)
Mordane,Person,,Deceased,Mordane
Catelyn Stark,Person,,Deceased,Catelyn_Stark
Portan,Person,,Alive,Portan
Northern Lord,Person,,Alive,Northern_Lord
Stark officer,Person,,Uncertain,Stark_officer_1
Stark officer,Person,,Uncertain,Stark_officer_2
Amory Lorch,Person,,Deceased,Amory_Lorch
Doreah,Person,,Deceased,Doreah
The Waif,Person,,Deceased,Waif
"""Jaqen H'ghar""",Person,,Alive,Jaqen_H%27ghar
Bolton general,Person,,Deceased,Bolton_general
Beggar woman,Person,,Alive,Beggar_woman
Sellsword,Person,,Alive,Sellsword_2_(High_Sparrow)
Despondent man,Person,,Deceased,Despondent_man
Sellsword,Person,,Alive,Sellsword_1_(High_Sparrow)
Lorimer,Person,,Deceased,Lorimer
Little Bird,Person,,Alive,Little_Bird_7
Little Bird,Person,,Alive,Little_Bird_6
Little Bird,Person,,Alive,Little_Bird_5
Little Bird,Person,,Alive,Little_Bird_3
Little Bird,Person,,Alive,Little_Bird_4
Child of the Forest,Person,,Deceased,Child_of_the_Forest_3
Jorah Mormont,Person,,Alive,Jorah_Mormont
Lann,Person,,Deceased,Lann
Durran,Person,,Deceased,Durran
Brandon Stark,Person,,Deceased,Brandon_Stark_(the_Builder)
Maynard,Person,,Alive,Maynard
Azor Ahai,Person,,Deceased,Azor_Ahai
Attendant,Person,,Alive,Attendant_(The_Winds_of_Winter)
Tommen's manservant,Person,,Alive,Tommen%27s_manservant
Orphan kid,Person,,Alive,Orphan_kid_2
Flayed man,Person,,Deceased,Flayed_man
Captain of the Bolton archers,Person,,Deceased,Captain_of_the_archers_(House_Bolton)
Lord Staunton,Person,,Deceased,Staunton_(Lord)
Fergus,Person,,Alive,Fergus
White Walker,Person,,Alive,White_Walker_2_(Beyond_the_Wall)
Crossroads Inn patron,Person,,Alive,Crossroads_Inn_patron_1
Crossroads Inn patron,Person,,Alive,Crossroads_Inn_patron_2
Serving girl,Person,,Alive,Serving_girl
Sick maester,Person,,Alive,Sick_maester
Stark soldier,Person,,Alive,Stark_soldier_(The_Queen%27s_Justice)
Koner,Person,,Alive,Koner
Henk,Person,,Alive,Henk
Meereneese homeless mother,Person,,Alive,Meereenese_homeless_mother
Dothraki widow,Person,,Alive,Dothraki_widow_3
Faull,Person,,Deceased,Faull
Bolton soldier,Person,,Deceased,Bolton_soldier_(The_Red_Woman)
Ironborn,Person,,Alive,Ironborn_3_(The_Door)
Night's Watch man,Person,,Alive,Night%27s_Watch_man_(The_Door)
Night's Watch man,Person,,Alive,Night%27s_Watch_man_(Book_of_the_Stranger)
Braavosi woman,Person,,Alive,Braavosi_woman_2_(The_Door)
Braavosi woman,Person,,Alive,Braavosi_woman_1_(The_Door)
Night's Watch man,Person,,Alive,Night%27s_Watch_man_1
Night's Watch man,Person,,Alive,Night%27s_Watch_man_2
Loyal Night's Watch man,Person,,Alive,Loyal_Night%27s_Watch_man_2
Loyal Night's Watch man,Person,,Alive,Loyal_Night%27s_Watch_man_1
Dothraki widow,Person,,Alive,Dothraki_widow_2
Ash,Person,,Alive,Ash
Kesh,Person,,Alive,Kesh
Ironborn,Person,,Alive,Ironborn_1_(The_Door)
Tyrell bannerman,Person,,Deceased,Tyrell_bannerman
King's Landing boaster,Person,,Deceased,King%27s_Landing_boaster
Bolton officer,Person,,Deceased,Bolton_officer
Volantene whore,Person,,Alive,Volantene_whore_1_(The_Broken_Man)
Tully bannerman,Person,,Alive,Tully_bannerman_(No_One)
White Walker,Person,,Alive,White_Walker_(The_Dragon_and_the_Wolf)
Meghan,Person,,Uncertain,Meghan
Rob,Person,,Uncertain,Rob
Namond,Person,,Uncertain,Namond
Duff,Person,,Uncertain,Duff
Wendel,Person,,Uncertain,Wendel
Unidentified Westerosi trader,Person,,Alive,Westerosi_trader
Night King,Person,,Alive,Night_King
Melisandre,Person,,Alive,Melisandre
Sandor Clegane,Person,,Alive,Sandor_Clegane
Euron Greyjoy,Person,,Alive,Euron_Greyjoy
Samwell Tarly,Person,,Alive,Samwell_Tarly
Petyr Baelish,Person,,Deceased,Petyr_Baelish
Podrick Payne,Person,,Alive,Podrick_Payne
Gendry,Person,,Alive,Gendry
Gilly,Person,,Alive,Gilly
Brienne Tarth,Person,,Alive,Brienne_of_Tarth
Olenna Tyrell,Person,,Deceased,Olenna_Tyrell
Grey Worm,Person,,Alive,Grey_Worm
Missandei,Person,,Alive,Missandei
Theon Greyjoy,Person,,Alive,Theon_Greyjoy
Ellaria Sand,Person,,Alive (POW),Ellaria_Sand
Yara Greyjoy,Person,,Alive,Yara_Greyjoy
Varys,Person,,Alive,Varys
Rhaegar Targaryen,Person,,Deceased,Rhaegar_Targaryen
Daenerys Targaryen,Person,,Alive,Daenerys_Targaryen
Tommen I Baratheon,Person,,Deceased,Tommen_Baratheon
Myrcella Baratheon,Person,,Deceased,Myrcella_Baratheon
Joffrey I Baratheon,Person,,Deceased,Joffrey_Baratheon
Tywin Lannister,Person,,Deceased,Tywin_Lannister
Gregor Clegane,Person,,Alive,Gregor_Clegane
Bronn,Person,,Alive,Bronn
Tyrion Lannister,Person,,Alive,Tyrion_Lannister
Jaime Lannister,Person,,Alive,Jaime_Lannister
Benjen Stark,Person,,Deceased,Benjen_Stark
Cersei I Lannister,Person,,Alive,Cersei_Lannister
Lyanna Mormont,Person,,Alive,Lyanna_Mormont
Meera Reed,Person,,Alive,Meera_Reed
Tormund,Person,,Alive [1],Tormund
Davos Seaworth,Person,,Alive,Davos_Seaworth
Edmure Tully,Person,,Alive,Edmure_Tully
Brandon Stark,Person,,Alive,Bran_Stark
Arya Stark,Person,,Alive,Arya_Stark
Sansa Stark,Person,,Alive,Sansa_Stark
Jon Snow,Person,,Alive  (resurrected),Jon_Snow
